{
    "accuracy": 0.9310344827586207,
    "precision": 0.9416445623342174,
    "recall": 0.9310344827586207,
    "f1_score": 0.9295977011494252
}